timestamp, power.draw [W], utilization.gpu [%], utilization.memory [%], memory.total [MiB], memory.free [MiB], memory.used [MiB]
2023/09/15 17:37:31.049, 87.32 W, 0 %, 0 %, 12196 MiB, 12195 MiB, 1 MiB
2023/09/15 17:37:31.059, 87.32 W, 0 %, 0 %, 12196 MiB, 12195 MiB, 1 MiB
2023/09/15 17:37:31.062, 87.29 W, 0 %, 0 %, 12196 MiB, 12195 MiB, 1 MiB
2023/09/15 17:37:31.070, 87.29 W, 0 %, 0 %, 12196 MiB, 12195 MiB, 1 MiB
2023/09/15 17:37:31.074, 87.29 W, 0 %, 0 %, 12196 MiB, 12195 MiB, 1 MiB
2023/09/15 17:37:31.077, 87.29 W, 0 %, 0 %, 12196 MiB, 12195 MiB, 1 MiB
2023/09/15 17:37:31.081, 87.29 W, 0 %, 0 %, 12196 MiB, 12195 MiB, 1 MiB
2023/09/15 17:37:31.084, 87.49 W, 0 %, 0 %, 12196 MiB, 12195 MiB, 1 MiB
2023/09/15 17:37:31.093, 87.49 W, 0 %, 0 %, 12196 MiB, 12195 MiB, 1 MiB
2023/09/15 17:37:31.096, 87.49 W, 0 %, 0 %, 12196 MiB, 12195 MiB, 1 MiB
2023/09/15 17:37:31.100, 87.49 W, 0 %, 0 %, 12196 MiB, 12195 MiB, 1 MiB
2023/09/15 17:37:31.103, 87.39 W, 0 %, 0 %, 12196 MiB, 12195 MiB, 1 MiB
2023/09/15 17:37:31.112, 87.39 W, 0 %, 0 %, 12196 MiB, 12195 MiB, 1 MiB
2023/09/15 17:37:31.116, 87.39 W, 0 %, 0 %, 12196 MiB, 12195 MiB, 1 MiB
2023/09/15 17:37:31.120, 87.39 W, 0 %, 0 %, 12196 MiB, 12195 MiB, 1 MiB
2023/09/15 17:37:31.123, 87.23 W, 0 %, 0 %, 12196 MiB, 12195 MiB, 1 MiB
2023/09/15 17:37:31.132, 87.23 W, 0 %, 0 %, 12196 MiB, 12195 MiB, 1 MiB
2023/09/15 17:37:31.136, 87.32 W, 0 %, 0 %, 12196 MiB, 12195 MiB, 1 MiB
2023/09/15 17:37:31.151, 87.32 W, 0 %, 0 %, 12196 MiB, 12194 MiB, 2 MiB
2023/09/15 17:37:31.155, 87.32 W, 0 %, 0 %, 12196 MiB, 12194 MiB, 2 MiB
2023/09/15 17:37:31.158, 87.32 W, 0 %, 0 %, 12196 MiB, 12194 MiB, 2 MiB
2023/09/15 17:37:31.162, 87.42 W, 0 %, 0 %, 12196 MiB, 12194 MiB, 2 MiB
2023/09/15 17:37:31.170, 87.42 W, 0 %, 0 %, 12196 MiB, 12194 MiB, 2 MiB
2023/09/15 17:37:31.174, 87.42 W, 0 %, 0 %, 12196 MiB, 12194 MiB, 2 MiB
2023/09/15 17:37:31.178, 87.42 W, 0 %, 0 %, 12196 MiB, 12194 MiB, 2 MiB
2023/09/15 17:37:31.182, 87.52 W, 0 %, 0 %, 12196 MiB, 12194 MiB, 2 MiB
2023/09/15 17:37:31.191, 87.52 W, 0 %, 0 %, 12196 MiB, 12194 MiB, 2 MiB
2023/09/15 17:37:31.195, 87.52 W, 0 %, 0 %, 12196 MiB, 12194 MiB, 2 MiB
2023/09/15 17:37:31.199, 87.52 W, 0 %, 0 %, 12196 MiB, 12194 MiB, 2 MiB
2023/09/15 17:37:31.203, 87.32 W, 0 %, 0 %, 12196 MiB, 12194 MiB, 2 MiB
2023/09/15 17:37:31.213, 87.32 W, 0 %, 0 %, 12196 MiB, 12192 MiB, 4 MiB
2023/09/15 17:37:31.218, 87.32 W, 0 %, 0 %, 12196 MiB, 12192 MiB, 4 MiB
2023/09/15 17:37:31.221, 87.32 W, 0 %, 0 %, 12196 MiB, 12192 MiB, 4 MiB
2023/09/15 17:37:31.224, 87.23 W, 0 %, 0 %, 12196 MiB, 12192 MiB, 4 MiB
2023/09/15 17:37:31.233, 87.23 W, 0 %, 0 %, 12196 MiB, 12192 MiB, 4 MiB
2023/09/15 17:37:31.237, 87.23 W, 0 %, 0 %, 12196 MiB, 12190 MiB, 6 MiB
2023/09/15 17:37:31.240, 87.23 W, 0 %, 0 %, 12196 MiB, 12188 MiB, 8 MiB
2023/09/15 17:37:31.244, 87.38 W, 0 %, 0 %, 12196 MiB, 12184 MiB, 12 MiB
2023/09/15 17:37:31.253, 87.49 W, 0 %, 0 %, 12196 MiB, 12184 MiB, 12 MiB
2023/09/15 17:37:31.274, 87.41 W, 0 %, 0 %, 12196 MiB, 12184 MiB, 12 MiB
2023/09/15 17:37:31.299, 87.41 W, 0 %, 0 %, 12196 MiB, 12184 MiB, 12 MiB
2023/09/15 17:37:31.302, 87.41 W, 0 %, 0 %, 12196 MiB, 12184 MiB, 12 MiB
2023/09/15 17:37:31.305, 87.38 W, 0 %, 0 %, 12196 MiB, 12184 MiB, 12 MiB
2023/09/15 17:37:31.312, 87.38 W, 0 %, 0 %, 12196 MiB, 12184 MiB, 12 MiB
2023/09/15 17:37:31.315, 87.38 W, 0 %, 0 %, 12196 MiB, 12184 MiB, 12 MiB
2023/09/15 17:37:31.318, 87.38 W, 0 %, 0 %, 12196 MiB, 12184 MiB, 12 MiB
2023/09/15 17:37:31.320, 87.38 W, 0 %, 0 %, 12196 MiB, 12184 MiB, 12 MiB
2023/09/15 17:37:31.323, 87.38 W, 0 %, 0 %, 12196 MiB, 12184 MiB, 12 MiB
2023/09/15 17:37:31.331, 87.38 W, 0 %, 0 %, 12196 MiB, 12184 MiB, 12 MiB
2023/09/15 17:37:31.333, 87.38 W, 0 %, 0 %, 12196 MiB, 12184 MiB, 12 MiB
2023/09/15 17:37:31.336, 87.38 W, 0 %, 0 %, 12196 MiB, 12184 MiB, 12 MiB
2023/09/15 17:37:31.338, 87.38 W, 0 %, 0 %, 12196 MiB, 12184 MiB, 12 MiB
2023/09/15 17:37:31.341, 87.38 W, 0 %, 0 %, 12196 MiB, 12184 MiB, 12 MiB
2023/09/15 17:37:31.343, 87.48 W, 0 %, 0 %, 12196 MiB, 12184 MiB, 12 MiB
2023/09/15 17:37:31.351, 87.48 W, 0 %, 0 %, 12196 MiB, 12184 MiB, 12 MiB
2023/09/15 17:37:31.354, 87.48 W, 0 %, 0 %, 12196 MiB, 12184 MiB, 12 MiB
2023/09/15 17:37:31.356, 87.48 W, 0 %, 0 %, 12196 MiB, 12184 MiB, 12 MiB
2023/09/15 17:37:31.359, 87.48 W, 0 %, 0 %, 12196 MiB, 12184 MiB, 12 MiB
2023/09/15 17:37:31.361, 87.48 W, 0 %, 0 %, 12196 MiB, 12184 MiB, 12 MiB
2023/09/15 17:37:31.363, 87.38 W, 0 %, 0 %, 12196 MiB, 12184 MiB, 12 MiB
2023/09/15 17:37:31.371, 87.38 W, 0 %, 0 %, 12196 MiB, 12184 MiB, 12 MiB
2023/09/15 17:37:31.374, 87.38 W, 0 %, 0 %, 12196 MiB, 12184 MiB, 12 MiB
2023/09/15 17:37:31.376, 87.38 W, 0 %, 0 %, 12196 MiB, 12184 MiB, 12 MiB
2023/09/15 17:37:31.379, 87.38 W, 0 %, 0 %, 12196 MiB, 12184 MiB, 12 MiB
2023/09/15 17:37:31.381, 87.38 W, 0 %, 0 %, 12196 MiB, 12184 MiB, 12 MiB
2023/09/15 17:37:31.384, 87.48 W, 0 %, 0 %, 12196 MiB, 12184 MiB, 12 MiB
2023/09/15 17:37:31.391, 87.48 W, 0 %, 0 %, 12196 MiB, 12184 MiB, 12 MiB
2023/09/15 17:37:31.393, 87.48 W, 0 %, 0 %, 12196 MiB, 12184 MiB, 12 MiB
2023/09/15 17:37:31.396, 87.48 W, 0 %, 0 %, 12196 MiB, 12184 MiB, 12 MiB
2023/09/15 17:37:31.398, 87.48 W, 0 %, 0 %, 12196 MiB, 12184 MiB, 12 MiB
2023/09/15 17:37:31.401, 87.48 W, 0 %, 0 %, 12196 MiB, 12184 MiB, 12 MiB
2023/09/15 17:37:31.403, 87.28 W, 0 %, 0 %, 12196 MiB, 12184 MiB, 12 MiB
2023/09/15 17:37:31.411, 87.28 W, 0 %, 0 %, 12196 MiB, 12184 MiB, 12 MiB
2023/09/15 17:37:31.414, 87.28 W, 0 %, 0 %, 12196 MiB, 12184 MiB, 12 MiB
2023/09/15 17:37:31.416, 87.28 W, 0 %, 0 %, 12196 MiB, 12184 MiB, 12 MiB
2023/09/15 17:37:31.419, 87.28 W, 0 %, 0 %, 12196 MiB, 12184 MiB, 12 MiB
2023/09/15 17:37:31.421, 87.28 W, 0 %, 0 %, 12196 MiB, 12184 MiB, 12 MiB
2023/09/15 17:37:31.424, 87.48 W, 0 %, 0 %, 12196 MiB, 12184 MiB, 12 MiB
2023/09/15 17:37:31.432, 87.48 W, 0 %, 0 %, 12196 MiB, 12184 MiB, 12 MiB
2023/09/15 17:37:31.434, 87.48 W, 0 %, 0 %, 12196 MiB, 12184 MiB, 12 MiB
2023/09/15 17:37:31.436, 87.48 W, 0 %, 0 %, 12196 MiB, 12184 MiB, 12 MiB
2023/09/15 17:37:31.439, 87.48 W, 0 %, 0 %, 12196 MiB, 12184 MiB, 12 MiB
2023/09/15 17:37:31.444, 87.77 W, 0 %, 0 %, 12196 MiB, 12182 MiB, 14 MiB
2023/09/15 17:37:31.452, 87.77 W, 0 %, 0 %, 12196 MiB, 12182 MiB, 14 MiB
2023/09/15 17:37:31.455, 87.77 W, 0 %, 0 %, 12196 MiB, 12181 MiB, 15 MiB
2023/09/15 17:37:31.458, 87.77 W, 0 %, 0 %, 12196 MiB, 12181 MiB, 15 MiB
2023/09/15 17:37:31.460, 87.77 W, 0 %, 0 %, 12196 MiB, 12179 MiB, 17 MiB
2023/09/15 17:37:31.462, 87.77 W, 0 %, 0 %, 12196 MiB, 12177 MiB, 19 MiB
2023/09/15 17:37:31.465, 87.77 W, 0 %, 0 %, 12196 MiB, 12177 MiB, 19 MiB
2023/09/15 17:37:31.472, 87.77 W, 0 %, 0 %, 12196 MiB, 12177 MiB, 19 MiB
2023/09/15 17:37:31.475, 87.77 W, 0 %, 0 %, 12196 MiB, 12177 MiB, 19 MiB
2023/09/15 17:37:31.477, 87.77 W, 0 %, 0 %, 12196 MiB, 12159 MiB, 37 MiB
2023/09/15 17:37:31.479, 87.77 W, 0 %, 0 %, 12196 MiB, 12159 MiB, 37 MiB
2023/09/15 17:37:31.482, 87.77 W, 0 %, 0 %, 12196 MiB, 12157 MiB, 39 MiB
2023/09/15 17:37:31.484, 87.87 W, 0 %, 0 %, 12196 MiB, 12157 MiB, 39 MiB
2023/09/15 17:37:31.492, 87.87 W, 0 %, 0 %, 12196 MiB, 12157 MiB, 39 MiB
2023/09/15 17:37:31.494, 87.87 W, 0 %, 0 %, 12196 MiB, 12157 MiB, 39 MiB
2023/09/15 17:37:31.497, 87.87 W, 0 %, 0 %, 12196 MiB, 12057 MiB, 139 MiB
2023/09/15 17:37:31.503, 87.87 W, 0 %, 0 %, 12196 MiB, 12057 MiB, 139 MiB
2023/09/15 17:37:31.506, 85.57 W, 2 %, 0 %, 12196 MiB, 12057 MiB, 139 MiB
2023/09/15 17:37:31.513, 85.57 W, 2 %, 0 %, 12196 MiB, 12057 MiB, 139 MiB
2023/09/15 17:37:31.515, 85.57 W, 2 %, 0 %, 12196 MiB, 12057 MiB, 139 MiB
2023/09/15 17:37:31.518, 85.57 W, 2 %, 0 %, 12196 MiB, 12057 MiB, 139 MiB
2023/09/15 17:37:31.520, 85.57 W, 2 %, 0 %, 12196 MiB, 12057 MiB, 139 MiB
2023/09/15 17:37:31.522, 85.57 W, 2 %, 0 %, 12196 MiB, 12057 MiB, 139 MiB
2023/09/15 17:37:31.524, 84.35 W, 2 %, 0 %, 12196 MiB, 12057 MiB, 139 MiB
2023/09/15 17:37:31.532, 84.35 W, 2 %, 0 %, 12196 MiB, 12057 MiB, 139 MiB
2023/09/15 17:37:31.534, 84.35 W, 2 %, 0 %, 12196 MiB, 12057 MiB, 139 MiB
2023/09/15 17:37:31.536, 84.35 W, 2 %, 0 %, 12196 MiB, 12057 MiB, 139 MiB
2023/09/15 17:37:31.538, 84.35 W, 2 %, 0 %, 12196 MiB, 12057 MiB, 139 MiB
2023/09/15 17:37:31.540, 84.35 W, 2 %, 0 %, 12196 MiB, 12057 MiB, 139 MiB
2023/09/15 17:37:31.543, 84.35 W, 2 %, 0 %, 12196 MiB, 12057 MiB, 139 MiB
2023/09/15 17:37:31.545, 83.96 W, 2 %, 0 %, 12196 MiB, 12057 MiB, 139 MiB
2023/09/15 17:37:31.553, 83.96 W, 2 %, 0 %, 12196 MiB, 12057 MiB, 139 MiB
2023/09/15 17:37:31.555, 83.96 W, 2 %, 0 %, 12196 MiB, 12057 MiB, 139 MiB
2023/09/15 17:37:31.557, 83.96 W, 2 %, 0 %, 12196 MiB, 12057 MiB, 139 MiB
2023/09/15 17:37:31.559, 83.96 W, 2 %, 0 %, 12196 MiB, 12057 MiB, 139 MiB
2023/09/15 17:37:31.561, 83.96 W, 2 %, 0 %, 12196 MiB, 12057 MiB, 139 MiB
2023/09/15 17:37:31.563, 83.96 W, 2 %, 0 %, 12196 MiB, 12057 MiB, 139 MiB
2023/09/15 17:37:31.565, 83.96 W, 2 %, 0 %, 12196 MiB, 12057 MiB, 139 MiB
2023/09/15 17:37:31.573, 83.96 W, 2 %, 0 %, 12196 MiB, 12057 MiB, 139 MiB
2023/09/15 17:37:31.575, 83.96 W, 2 %, 0 %, 12196 MiB, 12057 MiB, 139 MiB
2023/09/15 17:37:31.577, 83.96 W, 2 %, 0 %, 12196 MiB, 12057 MiB, 139 MiB
2023/09/15 17:37:31.579, 83.96 W, 2 %, 0 %, 12196 MiB, 12057 MiB, 139 MiB
2023/09/15 17:37:31.581, 83.96 W, 2 %, 0 %, 12196 MiB, 12057 MiB, 139 MiB
2023/09/15 17:37:31.583, 83.96 W, 2 %, 0 %, 12196 MiB, 12057 MiB, 139 MiB
2023/09/15 17:37:31.585, 83.86 W, 2 %, 0 %, 12196 MiB, 12057 MiB, 139 MiB
2023/09/15 17:37:31.593, 83.86 W, 2 %, 0 %, 12196 MiB, 12057 MiB, 139 MiB
2023/09/15 17:37:31.595, 83.86 W, 2 %, 0 %, 12196 MiB, 12057 MiB, 139 MiB
2023/09/15 17:37:31.597, 83.86 W, 2 %, 0 %, 12196 MiB, 12057 MiB, 139 MiB
2023/09/15 17:37:31.599, 83.86 W, 2 %, 0 %, 12196 MiB, 12057 MiB, 139 MiB
2023/09/15 17:37:31.602, 83.86 W, 2 %, 0 %, 12196 MiB, 12057 MiB, 139 MiB
2023/09/15 17:37:31.604, 83.96 W, 2 %, 0 %, 12196 MiB, 12057 MiB, 139 MiB
2023/09/15 17:37:31.612, 83.96 W, 2 %, 0 %, 12196 MiB, 12057 MiB, 139 MiB
2023/09/15 17:37:31.614, 83.96 W, 2 %, 0 %, 12196 MiB, 12057 MiB, 139 MiB
2023/09/15 17:37:31.616, 83.96 W, 2 %, 0 %, 12196 MiB, 12057 MiB, 139 MiB
2023/09/15 17:37:31.619, 83.96 W, 2 %, 0 %, 12196 MiB, 12057 MiB, 139 MiB
2023/09/15 17:37:31.621, 83.96 W, 2 %, 0 %, 12196 MiB, 12057 MiB, 139 MiB
2023/09/15 17:37:31.623, 83.96 W, 2 %, 0 %, 12196 MiB, 12057 MiB, 139 MiB
2023/09/15 17:37:31.625, 83.95 W, 2 %, 0 %, 12196 MiB, 12057 MiB, 139 MiB
2023/09/15 17:37:31.632, 83.95 W, 2 %, 0 %, 12196 MiB, 12057 MiB, 139 MiB
2023/09/15 17:37:31.634, 83.95 W, 2 %, 0 %, 12196 MiB, 12057 MiB, 139 MiB
2023/09/15 17:37:31.636, 83.95 W, 2 %, 0 %, 12196 MiB, 12057 MiB, 139 MiB
2023/09/15 17:37:31.639, 83.95 W, 2 %, 0 %, 12196 MiB, 12057 MiB, 139 MiB
2023/09/15 17:37:31.641, 83.95 W, 2 %, 0 %, 12196 MiB, 12057 MiB, 139 MiB
2023/09/15 17:37:31.643, 83.95 W, 2 %, 0 %, 12196 MiB, 12057 MiB, 139 MiB
2023/09/15 17:37:31.645, 83.96 W, 2 %, 0 %, 12196 MiB, 12057 MiB, 139 MiB
2023/09/15 17:37:31.652, 83.96 W, 2 %, 0 %, 12196 MiB, 12057 MiB, 139 MiB
2023/09/15 17:37:31.654, 83.96 W, 2 %, 0 %, 12196 MiB, 12057 MiB, 139 MiB
2023/09/15 17:37:31.656, 83.96 W, 2 %, 0 %, 12196 MiB, 12057 MiB, 139 MiB
2023/09/15 17:37:31.659, 83.96 W, 2 %, 0 %, 12196 MiB, 12057 MiB, 139 MiB
2023/09/15 17:37:31.660, 83.96 W, 2 %, 0 %, 12196 MiB, 12057 MiB, 139 MiB
2023/09/15 17:37:31.663, 83.96 W, 2 %, 0 %, 12196 MiB, 12057 MiB, 139 MiB
2023/09/15 17:37:31.665, 83.86 W, 2 %, 0 %, 12196 MiB, 12057 MiB, 139 MiB
2023/09/15 17:37:31.673, 83.86 W, 2 %, 0 %, 12196 MiB, 12057 MiB, 139 MiB
2023/09/15 17:37:31.674, 83.86 W, 2 %, 0 %, 12196 MiB, 12057 MiB, 139 MiB
2023/09/15 17:37:31.676, 83.86 W, 0 %, 0 %, 12196 MiB, 12057 MiB, 139 MiB
2023/09/15 17:37:31.678, 83.86 W, 0 %, 0 %, 12196 MiB, 12057 MiB, 139 MiB
2023/09/15 17:37:31.680, 83.86 W, 0 %, 0 %, 12196 MiB, 12057 MiB, 139 MiB
2023/09/15 17:37:31.683, 83.86 W, 0 %, 0 %, 12196 MiB, 12057 MiB, 139 MiB
2023/09/15 17:37:31.685, 83.86 W, 0 %, 0 %, 12196 MiB, 12057 MiB, 139 MiB
2023/09/15 17:37:31.692, 83.86 W, 0 %, 0 %, 12196 MiB, 12057 MiB, 139 MiB
2023/09/15 17:37:31.694, 83.86 W, 0 %, 0 %, 12196 MiB, 12057 MiB, 139 MiB
2023/09/15 17:37:31.696, 83.86 W, 0 %, 0 %, 12196 MiB, 12057 MiB, 139 MiB
2023/09/15 17:37:31.698, 83.86 W, 0 %, 0 %, 12196 MiB, 12057 MiB, 139 MiB
2023/09/15 17:37:31.700, 83.86 W, 0 %, 0 %, 12196 MiB, 12057 MiB, 139 MiB
2023/09/15 17:37:31.703, 83.86 W, 0 %, 0 %, 12196 MiB, 12057 MiB, 139 MiB
2023/09/15 17:37:31.705, 83.96 W, 0 %, 0 %, 12196 MiB, 12057 MiB, 139 MiB
2023/09/15 17:37:31.713, 83.96 W, 0 %, 0 %, 12196 MiB, 12057 MiB, 139 MiB
2023/09/15 17:37:31.714, 83.96 W, 0 %, 0 %, 12196 MiB, 12057 MiB, 139 MiB
2023/09/15 17:37:31.717, 83.96 W, 0 %, 0 %, 12196 MiB, 12057 MiB, 139 MiB
2023/09/15 17:37:31.719, 83.96 W, 0 %, 0 %, 12196 MiB, 12057 MiB, 139 MiB
2023/09/15 17:37:31.721, 83.96 W, 0 %, 0 %, 12196 MiB, 12057 MiB, 139 MiB
2023/09/15 17:37:31.723, 83.96 W, 0 %, 0 %, 12196 MiB, 12057 MiB, 139 MiB
2023/09/15 17:37:31.725, 83.88 W, 0 %, 0 %, 12196 MiB, 12057 MiB, 139 MiB
2023/09/15 17:37:31.733, 83.88 W, 0 %, 0 %, 12196 MiB, 12057 MiB, 139 MiB
2023/09/15 17:37:31.735, 83.88 W, 0 %, 0 %, 12196 MiB, 12057 MiB, 139 MiB
2023/09/15 17:37:31.738, 83.88 W, 0 %, 0 %, 12196 MiB, 12057 MiB, 139 MiB
2023/09/15 17:37:31.740, 83.88 W, 0 %, 0 %, 12196 MiB, 12057 MiB, 139 MiB
2023/09/15 17:37:31.742, 83.88 W, 0 %, 0 %, 12196 MiB, 12057 MiB, 139 MiB
2023/09/15 17:37:31.745, 83.86 W, 0 %, 0 %, 12196 MiB, 12057 MiB, 139 MiB
2023/09/15 17:37:31.752, 83.86 W, 0 %, 0 %, 12196 MiB, 12057 MiB, 139 MiB
2023/09/15 17:37:31.754, 83.86 W, 0 %, 0 %, 12196 MiB, 12057 MiB, 139 MiB
2023/09/15 17:37:31.757, 83.86 W, 0 %, 0 %, 12196 MiB, 12057 MiB, 139 MiB
2023/09/15 17:37:31.759, 83.86 W, 0 %, 0 %, 12196 MiB, 12057 MiB, 139 MiB
2023/09/15 17:37:31.760, 83.86 W, 0 %, 0 %, 12196 MiB, 12057 MiB, 139 MiB
2023/09/15 17:37:31.762, 83.86 W, 0 %, 0 %, 12196 MiB, 12057 MiB, 139 MiB
2023/09/15 17:37:31.764, 83.86 W, 0 %, 0 %, 12196 MiB, 12057 MiB, 139 MiB
2023/09/15 17:37:31.766, 83.86 W, 0 %, 0 %, 12196 MiB, 12057 MiB, 139 MiB
2023/09/15 17:37:31.774, 83.86 W, 0 %, 0 %, 12196 MiB, 12057 MiB, 139 MiB
2023/09/15 17:37:31.776, 83.86 W, 0 %, 0 %, 12196 MiB, 12057 MiB, 139 MiB
2023/09/15 17:37:31.778, 83.86 W, 0 %, 0 %, 12196 MiB, 12057 MiB, 139 MiB
2023/09/15 17:37:31.780, 83.86 W, 0 %, 0 %, 12196 MiB, 12057 MiB, 139 MiB
2023/09/15 17:37:31.782, 83.86 W, 0 %, 0 %, 12196 MiB, 12057 MiB, 139 MiB
2023/09/15 17:37:31.785, 83.86 W, 0 %, 0 %, 12196 MiB, 12057 MiB, 139 MiB
2023/09/15 17:37:31.792, 83.86 W, 0 %, 0 %, 12196 MiB, 12057 MiB, 139 MiB
2023/09/15 17:37:31.794, 83.86 W, 0 %, 0 %, 12196 MiB, 12057 MiB, 139 MiB
2023/09/15 17:37:31.796, 83.86 W, 0 %, 0 %, 12196 MiB, 12057 MiB, 139 MiB
2023/09/15 17:37:31.798, 83.86 W, 0 %, 0 %, 12196 MiB, 12057 MiB, 139 MiB
2023/09/15 17:37:31.799, 83.86 W, 0 %, 0 %, 12196 MiB, 12057 MiB, 139 MiB
2023/09/15 17:37:31.801, 83.86 W, 0 %, 0 %, 12196 MiB, 12057 MiB, 139 MiB
2023/09/15 17:37:31.804, 83.86 W, 0 %, 0 %, 12196 MiB, 12057 MiB, 139 MiB
2023/09/15 17:37:31.806, 83.96 W, 0 %, 0 %, 12196 MiB, 12057 MiB, 139 MiB
2023/09/15 17:37:31.813, 83.96 W, 0 %, 0 %, 12196 MiB, 12057 MiB, 139 MiB
2023/09/15 17:37:31.815, 83.96 W, 0 %, 0 %, 12196 MiB, 12057 MiB, 139 MiB
2023/09/15 17:37:31.817, 83.96 W, 0 %, 0 %, 12196 MiB, 12057 MiB, 139 MiB
2023/09/15 17:37:31.820, 83.96 W, 0 %, 0 %, 12196 MiB, 12057 MiB, 139 MiB
2023/09/15 17:37:31.822, 83.96 W, 0 %, 0 %, 12196 MiB, 12057 MiB, 139 MiB
2023/09/15 17:37:31.824, 83.96 W, 0 %, 0 %, 12196 MiB, 12057 MiB, 139 MiB
2023/09/15 17:37:31.826, 83.96 W, 0 %, 0 %, 12196 MiB, 12057 MiB, 139 MiB
2023/09/15 17:37:31.833, 83.96 W, 0 %, 0 %, 12196 MiB, 12057 MiB, 139 MiB
2023/09/15 17:37:31.836, 83.96 W, 0 %, 0 %, 12196 MiB, 12057 MiB, 139 MiB
2023/09/15 17:37:31.837, 83.96 W, 0 %, 0 %, 12196 MiB, 12057 MiB, 139 MiB
2023/09/15 17:37:31.840, 83.96 W, 0 %, 0 %, 12196 MiB, 12057 MiB, 139 MiB
2023/09/15 17:37:31.841, 83.96 W, 0 %, 0 %, 12196 MiB, 12057 MiB, 139 MiB
2023/09/15 17:37:31.843, 83.96 W, 0 %, 0 %, 12196 MiB, 12057 MiB, 139 MiB
2023/09/15 17:37:31.845, 83.86 W, 0 %, 0 %, 12196 MiB, 12057 MiB, 139 MiB
2023/09/15 17:37:31.853, 83.86 W, 0 %, 0 %, 12196 MiB, 12057 MiB, 139 MiB
2023/09/15 17:37:31.855, 83.86 W, 0 %, 0 %, 12196 MiB, 12057 MiB, 139 MiB
2023/09/15 17:37:31.857, 83.86 W, 0 %, 0 %, 12196 MiB, 12057 MiB, 139 MiB
2023/09/15 17:37:31.859, 83.86 W, 0 %, 0 %, 12196 MiB, 12057 MiB, 139 MiB
2023/09/15 17:37:31.861, 83.86 W, 0 %, 0 %, 12196 MiB, 12057 MiB, 139 MiB
2023/09/15 17:37:31.863, 83.86 W, 0 %, 0 %, 12196 MiB, 12057 MiB, 139 MiB
2023/09/15 17:37:31.865, 83.86 W, 0 %, 0 %, 12196 MiB, 12057 MiB, 139 MiB
2023/09/15 17:37:31.867, 83.86 W, 0 %, 0 %, 12196 MiB, 12057 MiB, 139 MiB
2023/09/15 17:37:31.874, 83.86 W, 0 %, 0 %, 12196 MiB, 12057 MiB, 139 MiB
2023/09/15 17:37:31.876, 83.86 W, 0 %, 0 %, 12196 MiB, 12057 MiB, 139 MiB
2023/09/15 17:37:31.879, 83.86 W, 0 %, 0 %, 12196 MiB, 12057 MiB, 139 MiB
2023/09/15 17:37:31.881, 83.86 W, 0 %, 0 %, 12196 MiB, 12057 MiB, 139 MiB
2023/09/15 17:37:31.883, 83.86 W, 0 %, 0 %, 12196 MiB, 12057 MiB, 139 MiB
2023/09/15 17:37:31.885, 83.86 W, 0 %, 0 %, 12196 MiB, 12057 MiB, 139 MiB
2023/09/15 17:37:31.887, 83.96 W, 0 %, 0 %, 12196 MiB, 12057 MiB, 139 MiB
2023/09/15 17:37:31.894, 83.96 W, 0 %, 0 %, 12196 MiB, 12057 MiB, 139 MiB
2023/09/15 17:37:31.896, 83.96 W, 0 %, 0 %, 12196 MiB, 12057 MiB, 139 MiB
2023/09/15 17:37:31.898, 83.96 W, 0 %, 0 %, 12196 MiB, 12057 MiB, 139 MiB
2023/09/15 17:37:31.900, 83.96 W, 0 %, 0 %, 12196 MiB, 12057 MiB, 139 MiB
2023/09/15 17:37:31.903, 83.96 W, 0 %, 0 %, 12196 MiB, 12057 MiB, 139 MiB
2023/09/15 17:37:31.905, 83.96 W, 0 %, 0 %, 12196 MiB, 12057 MiB, 139 MiB
2023/09/15 17:37:31.907, 83.96 W, 0 %, 0 %, 12196 MiB, 12057 MiB, 139 MiB
2023/09/15 17:37:31.914, 83.96 W, 0 %, 0 %, 12196 MiB, 12057 MiB, 139 MiB
2023/09/15 17:37:31.916, 83.96 W, 0 %, 0 %, 12196 MiB, 12057 MiB, 139 MiB
2023/09/15 17:37:31.918, 83.96 W, 0 %, 0 %, 12196 MiB, 12057 MiB, 139 MiB
2023/09/15 17:37:31.920, 83.96 W, 0 %, 0 %, 12196 MiB, 12057 MiB, 139 MiB
2023/09/15 17:37:31.922, 83.96 W, 0 %, 0 %, 12196 MiB, 12057 MiB, 139 MiB
2023/09/15 17:37:31.924, 83.96 W, 0 %, 0 %, 12196 MiB, 12057 MiB, 139 MiB
2023/09/15 17:37:31.926, 83.86 W, 0 %, 0 %, 12196 MiB, 12057 MiB, 139 MiB
2023/09/15 17:37:31.933, 83.86 W, 0 %, 0 %, 12196 MiB, 12057 MiB, 139 MiB
2023/09/15 17:37:31.935, 83.86 W, 0 %, 0 %, 12196 MiB, 12057 MiB, 139 MiB
2023/09/15 17:37:31.937, 83.86 W, 0 %, 0 %, 12196 MiB, 12057 MiB, 139 MiB
2023/09/15 17:37:31.939, 83.86 W, 0 %, 0 %, 12196 MiB, 12057 MiB, 139 MiB
2023/09/15 17:37:31.941, 83.86 W, 0 %, 0 %, 12196 MiB, 12057 MiB, 139 MiB
2023/09/15 17:37:31.943, 83.86 W, 0 %, 0 %, 12196 MiB, 12057 MiB, 139 MiB
2023/09/15 17:37:31.945, 83.86 W, 0 %, 0 %, 12196 MiB, 12057 MiB, 139 MiB
2023/09/15 17:37:31.947, 83.85 W, 0 %, 0 %, 12196 MiB, 12057 MiB, 139 MiB
2023/09/15 17:37:31.954, 83.85 W, 0 %, 0 %, 12196 MiB, 12057 MiB, 139 MiB
2023/09/15 17:37:31.957, 83.85 W, 0 %, 0 %, 12196 MiB, 12057 MiB, 139 MiB
2023/09/15 17:37:31.959, 83.85 W, 0 %, 0 %, 12196 MiB, 12057 MiB, 139 MiB
2023/09/15 17:37:31.961, 83.85 W, 0 %, 0 %, 12196 MiB, 12057 MiB, 139 MiB
2023/09/15 17:37:31.962, 83.85 W, 0 %, 0 %, 12196 MiB, 12057 MiB, 139 MiB
2023/09/15 17:37:31.964, 83.85 W, 0 %, 0 %, 12196 MiB, 12057 MiB, 139 MiB
2023/09/15 17:37:31.966, 83.96 W, 0 %, 0 %, 12196 MiB, 12057 MiB, 139 MiB
2023/09/15 17:37:31.974, 83.96 W, 0 %, 0 %, 12196 MiB, 12057 MiB, 139 MiB
2023/09/15 17:37:31.976, 83.96 W, 0 %, 0 %, 12196 MiB, 12057 MiB, 139 MiB
2023/09/15 17:37:31.977, 83.96 W, 0 %, 0 %, 12196 MiB, 12057 MiB, 139 MiB
2023/09/15 17:37:31.979, 83.96 W, 0 %, 0 %, 12196 MiB, 12057 MiB, 139 MiB
2023/09/15 17:37:31.982, 83.96 W, 0 %, 0 %, 12196 MiB, 12057 MiB, 139 MiB
2023/09/15 17:37:31.983, 83.96 W, 0 %, 0 %, 12196 MiB, 12057 MiB, 139 MiB
2023/09/15 17:37:31.985, 96.19 W, 0 %, 0 %, 12196 MiB, 12047 MiB, 149 MiB
2023/09/15 17:37:31.993, 96.19 W, 0 %, 0 %, 12196 MiB, 12047 MiB, 149 MiB
2023/09/15 17:37:31.995, 96.19 W, 0 %, 0 %, 12196 MiB, 12047 MiB, 149 MiB
2023/09/15 17:37:31.997, 96.19 W, 0 %, 0 %, 12196 MiB, 12047 MiB, 149 MiB
2023/09/15 17:37:31.999, 96.19 W, 0 %, 0 %, 12196 MiB, 12047 MiB, 149 MiB
2023/09/15 17:37:32.001, 96.19 W, 0 %, 0 %, 12196 MiB, 12047 MiB, 149 MiB
2023/09/15 17:37:32.004, 96.19 W, 0 %, 0 %, 12196 MiB, 12047 MiB, 149 MiB
2023/09/15 17:37:32.006, 121.43 W, 0 %, 0 %, 12196 MiB, 12047 MiB, 149 MiB
2023/09/15 17:37:32.013, 121.43 W, 14 %, 1 %, 12196 MiB, 12047 MiB, 149 MiB
2023/09/15 17:37:32.015, 121.43 W, 14 %, 1 %, 12196 MiB, 12047 MiB, 149 MiB
2023/09/15 17:37:32.017, 121.43 W, 14 %, 1 %, 12196 MiB, 12047 MiB, 149 MiB
2023/09/15 17:37:32.019, 121.43 W, 14 %, 1 %, 12196 MiB, 12047 MiB, 149 MiB
2023/09/15 17:37:32.021, 121.43 W, 14 %, 1 %, 12196 MiB, 12047 MiB, 149 MiB
2023/09/15 17:37:32.024, 121.43 W, 14 %, 1 %, 12196 MiB, 12047 MiB, 149 MiB
2023/09/15 17:37:32.026, 126.60 W, 14 %, 1 %, 12196 MiB, 12047 MiB, 149 MiB
2023/09/15 17:37:32.033, 126.60 W, 14 %, 1 %, 12196 MiB, 12047 MiB, 149 MiB
2023/09/15 17:37:32.035, 126.60 W, 14 %, 1 %, 12196 MiB, 12047 MiB, 149 MiB
2023/09/15 17:37:32.037, 126.60 W, 14 %, 1 %, 12196 MiB, 12047 MiB, 149 MiB
2023/09/15 17:37:32.039, 126.60 W, 14 %, 1 %, 12196 MiB, 12047 MiB, 149 MiB
2023/09/15 17:37:32.041, 126.60 W, 14 %, 1 %, 12196 MiB, 12047 MiB, 149 MiB
2023/09/15 17:37:32.043, 126.60 W, 14 %, 1 %, 12196 MiB, 12047 MiB, 149 MiB
2023/09/15 17:37:32.045, 126.60 W, 14 %, 1 %, 12196 MiB, 12047 MiB, 149 MiB
2023/09/15 17:37:32.047, 129.50 W, 14 %, 1 %, 12196 MiB, 12047 MiB, 149 MiB
2023/09/15 17:37:32.054, 129.50 W, 14 %, 1 %, 12196 MiB, 12047 MiB, 149 MiB
2023/09/15 17:37:32.056, 129.50 W, 14 %, 1 %, 12196 MiB, 12047 MiB, 149 MiB
2023/09/15 17:37:32.058, 129.50 W, 14 %, 1 %, 12196 MiB, 12049 MiB, 147 MiB
2023/09/15 17:37:32.060, 129.50 W, 14 %, 1 %, 12196 MiB, 12059 MiB, 137 MiB
2023/09/15 17:37:32.062, 129.50 W, 14 %, 1 %, 12196 MiB, 12061 MiB, 135 MiB
2023/09/15 17:37:32.064, 129.50 W, 14 %, 1 %, 12196 MiB, 12081 MiB, 115 MiB
2023/09/15 17:37:32.066, 98.40 W, 14 %, 1 %, 12196 MiB, 12081 MiB, 115 MiB
2023/09/15 17:37:32.074, 98.40 W, 14 %, 0 %, 12196 MiB, 12081 MiB, 115 MiB
2023/09/15 17:37:32.079, 98.40 W, 14 %, 0 %, 12196 MiB, 12081 MiB, 115 MiB
2023/09/15 17:37:32.081, 98.40 W, 14 %, 0 %, 12196 MiB, 12085 MiB, 111 MiB
2023/09/15 17:37:32.083, 98.40 W, 14 %, 0 %, 12196 MiB, 12085 MiB, 111 MiB
2023/09/15 17:37:32.086, 89.62 W, 14 %, 0 %, 12196 MiB, 12085 MiB, 111 MiB
2023/09/15 17:37:32.094, 89.62 W, 14 %, 0 %, 12196 MiB, 12085 MiB, 111 MiB
2023/09/15 17:37:32.096, 89.62 W, 14 %, 0 %, 12196 MiB, 12085 MiB, 111 MiB
2023/09/15 17:37:32.099, 89.62 W, 14 %, 0 %, 12196 MiB, 12085 MiB, 111 MiB
2023/09/15 17:37:32.101, 89.62 W, 14 %, 0 %, 12196 MiB, 12085 MiB, 111 MiB
2023/09/15 17:37:32.103, 89.62 W, 14 %, 0 %, 12196 MiB, 12085 MiB, 111 MiB
2023/09/15 17:37:32.105, 88.36 W, 14 %, 0 %, 12196 MiB, 12085 MiB, 111 MiB
2023/09/15 17:37:32.113, 88.36 W, 14 %, 0 %, 12196 MiB, 12085 MiB, 111 MiB
2023/09/15 17:37:32.115, 88.36 W, 14 %, 0 %, 12196 MiB, 12085 MiB, 111 MiB
2023/09/15 17:37:32.118, 88.36 W, 14 %, 0 %, 12196 MiB, 12085 MiB, 111 MiB
2023/09/15 17:37:32.120, 88.36 W, 14 %, 0 %, 12196 MiB, 12085 MiB, 111 MiB
2023/09/15 17:37:32.122, 88.36 W, 14 %, 0 %, 12196 MiB, 12085 MiB, 111 MiB
2023/09/15 17:37:32.125, 88.36 W, 14 %, 0 %, 12196 MiB, 12085 MiB, 111 MiB
2023/09/15 17:37:32.127, 88.06 W, 14 %, 0 %, 12196 MiB, 12085 MiB, 111 MiB
2023/09/15 17:37:32.135, 88.06 W, 14 %, 0 %, 12196 MiB, 12085 MiB, 111 MiB
2023/09/15 17:37:32.137, 88.06 W, 14 %, 0 %, 12196 MiB, 12085 MiB, 111 MiB
2023/09/15 17:37:32.139, 88.06 W, 14 %, 0 %, 12196 MiB, 12085 MiB, 111 MiB
2023/09/15 17:37:32.142, 88.06 W, 14 %, 0 %, 12196 MiB, 12085 MiB, 111 MiB
2023/09/15 17:37:32.145, 88.06 W, 14 %, 0 %, 12196 MiB, 12085 MiB, 111 MiB
2023/09/15 17:37:32.154, 88.06 W, 14 %, 0 %, 12196 MiB, 12085 MiB, 111 MiB
2023/09/15 17:37:32.158, 88.06 W, 14 %, 0 %, 12196 MiB, 12185 MiB, 11 MiB
2023/09/15 17:37:32.160, 88.06 W, 14 %, 0 %, 12196 MiB, 12187 MiB, 9 MiB
2023/09/15 17:37:32.162, 88.06 W, 14 %, 0 %, 12196 MiB, 12188 MiB, 8 MiB
2023/09/15 17:37:32.165, 88.06 W, 14 %, 0 %, 12196 MiB, 12188 MiB, 8 MiB
2023/09/15 17:37:32.167, 88.45 W, 14 %, 0 %, 12196 MiB, 12188 MiB, 8 MiB
2023/09/15 17:37:32.174, 88.45 W, 14 %, 0 %, 12196 MiB, 12192 MiB, 4 MiB
2023/09/15 17:37:32.177, 88.45 W, 14 %, 0 %, 12196 MiB, 12192 MiB, 4 MiB
2023/09/15 17:37:32.180, 88.45 W, 28 %, 1 %, 12196 MiB, 12192 MiB, 4 MiB
2023/09/15 17:37:32.182, 88.45 W, 28 %, 1 %, 12196 MiB, 12192 MiB, 4 MiB
2023/09/15 17:37:32.185, 88.45 W, 28 %, 1 %, 12196 MiB, 12192 MiB, 4 MiB
2023/09/15 17:37:32.187, 88.06 W, 28 %, 1 %, 12196 MiB, 12192 MiB, 4 MiB
2023/09/15 17:37:32.195, 88.06 W, 28 %, 1 %, 12196 MiB, 12192 MiB, 4 MiB
2023/09/15 17:37:32.197, 88.06 W, 28 %, 1 %, 12196 MiB, 12192 MiB, 4 MiB
2023/09/15 17:37:32.201, 88.06 W, 28 %, 1 %, 12196 MiB, 12195 MiB, 1 MiB
2023/09/15 17:37:32.204, 88.06 W, 28 %, 1 %, 12196 MiB, 12195 MiB, 1 MiB
2023/09/15 17:37:32.206, 88.06 W, 28 %, 1 %, 12196 MiB, 12195 MiB, 1 MiB
2023/09/15 17:37:32.208, 87.87 W, 28 %, 1 %, 12196 MiB, 12195 MiB, 1 MiB
2023/09/15 17:37:32.215, 87.87 W, 28 %, 1 %, 12196 MiB, 12195 MiB, 1 MiB
2023/09/15 17:37:32.217, 87.87 W, 28 %, 1 %, 12196 MiB, 12195 MiB, 1 MiB
2023/09/15 17:37:32.219, 87.87 W, 28 %, 1 %, 12196 MiB, 12195 MiB, 1 MiB
2023/09/15 17:37:32.221, 87.87 W, 28 %, 1 %, 12196 MiB, 12195 MiB, 1 MiB
2023/09/15 17:37:32.223, 87.87 W, 28 %, 1 %, 12196 MiB, 12195 MiB, 1 MiB
2023/09/15 17:37:32.225, 87.87 W, 28 %, 1 %, 12196 MiB, 12195 MiB, 1 MiB
2023/09/15 17:37:32.227, 87.87 W, 28 %, 1 %, 12196 MiB, 12195 MiB, 1 MiB
2023/09/15 17:37:32.234, 87.87 W, 28 %, 1 %, 12196 MiB, 12195 MiB, 1 MiB
2023/09/15 17:37:32.236, 87.87 W, 28 %, 1 %, 12196 MiB, 12195 MiB, 1 MiB
2023/09/15 17:37:32.239, 87.87 W, 28 %, 1 %, 12196 MiB, 12195 MiB, 1 MiB
2023/09/15 17:37:32.241, 87.87 W, 28 %, 1 %, 12196 MiB, 12195 MiB, 1 MiB
2023/09/15 17:37:32.243, 87.87 W, 28 %, 1 %, 12196 MiB, 12195 MiB, 1 MiB
2023/09/15 17:37:32.244, 87.87 W, 28 %, 1 %, 12196 MiB, 12195 MiB, 1 MiB
2023/09/15 17:37:32.247, 87.96 W, 28 %, 1 %, 12196 MiB, 12195 MiB, 1 MiB
2023/09/15 17:37:32.254, 87.96 W, 28 %, 1 %, 12196 MiB, 12195 MiB, 1 MiB
2023/09/15 17:37:32.256, 87.96 W, 28 %, 1 %, 12196 MiB, 12195 MiB, 1 MiB
2023/09/15 17:37:32.258, 87.96 W, 28 %, 1 %, 12196 MiB, 12195 MiB, 1 MiB
2023/09/15 17:37:32.260, 87.96 W, 28 %, 1 %, 12196 MiB, 12195 MiB, 1 MiB
2023/09/15 17:37:32.262, 87.96 W, 28 %, 1 %, 12196 MiB, 12195 MiB, 1 MiB
2023/09/15 17:37:32.264, 87.96 W, 28 %, 1 %, 12196 MiB, 12195 MiB, 1 MiB
2023/09/15 17:37:32.266, 87.96 W, 28 %, 1 %, 12196 MiB, 12195 MiB, 1 MiB
2023/09/15 17:37:32.273, 87.96 W, 28 %, 1 %, 12196 MiB, 12195 MiB, 1 MiB
2023/09/15 17:37:32.276, 87.96 W, 28 %, 1 %, 12196 MiB, 12195 MiB, 1 MiB
2023/09/15 17:37:32.277, 87.96 W, 28 %, 1 %, 12196 MiB, 12195 MiB, 1 MiB
2023/09/15 17:37:32.280, 87.96 W, 28 %, 1 %, 12196 MiB, 12195 MiB, 1 MiB
2023/09/15 17:37:32.282, 87.96 W, 28 %, 1 %, 12196 MiB, 12195 MiB, 1 MiB
2023/09/15 17:37:32.284, 87.96 W, 28 %, 1 %, 12196 MiB, 12195 MiB, 1 MiB
2023/09/15 17:37:32.287, 87.77 W, 28 %, 1 %, 12196 MiB, 12195 MiB, 1 MiB
2023/09/15 17:37:32.294, 87.77 W, 28 %, 1 %, 12196 MiB, 12195 MiB, 1 MiB
2023/09/15 17:37:32.296, 87.77 W, 28 %, 1 %, 12196 MiB, 12195 MiB, 1 MiB
2023/09/15 17:37:32.298, 87.77 W, 28 %, 1 %, 12196 MiB, 12195 MiB, 1 MiB
2023/09/15 17:37:32.300, 87.77 W, 28 %, 1 %, 12196 MiB, 12195 MiB, 1 MiB
2023/09/15 17:37:32.302, 87.77 W, 28 %, 1 %, 12196 MiB, 12195 MiB, 1 MiB
2023/09/15 17:37:32.305, 87.77 W, 28 %, 1 %, 12196 MiB, 12195 MiB, 1 MiB
2023/09/15 17:37:32.306, 87.77 W, 28 %, 1 %, 12196 MiB, 12195 MiB, 1 MiB
2023/09/15 17:37:32.314, 87.77 W, 28 %, 1 %, 12196 MiB, 12195 MiB, 1 MiB
2023/09/15 17:37:32.316, 87.77 W, 28 %, 1 %, 12196 MiB, 12195 MiB, 1 MiB
2023/09/15 17:37:32.318, 87.77 W, 28 %, 1 %, 12196 MiB, 12195 MiB, 1 MiB
2023/09/15 17:37:32.320, 87.77 W, 28 %, 1 %, 12196 MiB, 12195 MiB, 1 MiB
2023/09/15 17:37:32.323, 87.77 W, 28 %, 1 %, 12196 MiB, 12195 MiB, 1 MiB
2023/09/15 17:37:32.325, 87.77 W, 28 %, 1 %, 12196 MiB, 12195 MiB, 1 MiB
2023/09/15 17:37:32.327, 87.87 W, 28 %, 1 %, 12196 MiB, 12195 MiB, 1 MiB
2023/09/15 17:37:32.334, 87.87 W, 28 %, 1 %, 12196 MiB, 12195 MiB, 1 MiB
2023/09/15 17:37:32.336, 87.87 W, 28 %, 1 %, 12196 MiB, 12195 MiB, 1 MiB
2023/09/15 17:37:32.338, 87.87 W, 28 %, 1 %, 12196 MiB, 12195 MiB, 1 MiB
2023/09/15 17:37:32.340, 87.87 W, 28 %, 1 %, 12196 MiB, 12195 MiB, 1 MiB
2023/09/15 17:37:32.342, 87.87 W, 28 %, 1 %, 12196 MiB, 12195 MiB, 1 MiB
2023/09/15 17:37:32.345, 87.87 W, 0 %, 0 %, 12196 MiB, 12195 MiB, 1 MiB
2023/09/15 17:37:32.347, 87.77 W, 0 %, 0 %, 12196 MiB, 12195 MiB, 1 MiB
2023/09/15 17:37:32.355, 87.77 W, 0 %, 0 %, 12196 MiB, 12195 MiB, 1 MiB
2023/09/15 17:37:32.357, 87.77 W, 0 %, 0 %, 12196 MiB, 12195 MiB, 1 MiB
2023/09/15 17:37:32.359, 87.77 W, 0 %, 0 %, 12196 MiB, 12195 MiB, 1 MiB
2023/09/15 17:37:32.361, 87.77 W, 0 %, 0 %, 12196 MiB, 12195 MiB, 1 MiB
2023/09/15 17:37:32.364, 87.77 W, 0 %, 0 %, 12196 MiB, 12195 MiB, 1 MiB
2023/09/15 17:37:32.366, 87.77 W, 0 %, 0 %, 12196 MiB, 12195 MiB, 1 MiB
2023/09/15 17:37:32.368, 87.87 W, 0 %, 0 %, 12196 MiB, 12195 MiB, 1 MiB
2023/09/15 17:37:32.375, 87.87 W, 0 %, 0 %, 12196 MiB, 12195 MiB, 1 MiB
2023/09/15 17:37:32.378, 87.87 W, 0 %, 0 %, 12196 MiB, 12195 MiB, 1 MiB
2023/09/15 17:37:32.381, 87.87 W, 0 %, 0 %, 12196 MiB, 12195 MiB, 1 MiB
2023/09/15 17:37:32.383, 87.87 W, 0 %, 0 %, 12196 MiB, 12195 MiB, 1 MiB
2023/09/15 17:37:32.385, 87.87 W, 0 %, 0 %, 12196 MiB, 12195 MiB, 1 MiB
2023/09/15 17:37:32.387, 87.67 W, 0 %, 0 %, 12196 MiB, 12195 MiB, 1 MiB
2023/09/15 17:37:32.395, 87.67 W, 0 %, 0 %, 12196 MiB, 12195 MiB, 1 MiB
2023/09/15 17:37:32.396, 87.67 W, 0 %, 0 %, 12196 MiB, 12195 MiB, 1 MiB
2023/09/15 17:37:32.398, 87.67 W, 0 %, 0 %, 12196 MiB, 12195 MiB, 1 MiB
2023/09/15 17:37:32.400, 87.67 W, 0 %, 0 %, 12196 MiB, 12195 MiB, 1 MiB
2023/09/15 17:37:32.403, 87.67 W, 0 %, 0 %, 12196 MiB, 12195 MiB, 1 MiB
2023/09/15 17:37:32.405, 87.67 W, 0 %, 0 %, 12196 MiB, 12195 MiB, 1 MiB
2023/09/15 17:37:32.407, 87.87 W, 0 %, 0 %, 12196 MiB, 12195 MiB, 1 MiB
2023/09/15 17:37:32.415, 87.87 W, 0 %, 0 %, 12196 MiB, 12195 MiB, 1 MiB
2023/09/15 17:37:32.417, 87.87 W, 0 %, 0 %, 12196 MiB, 12195 MiB, 1 MiB
2023/09/15 17:37:32.419, 87.87 W, 0 %, 0 %, 12196 MiB, 12195 MiB, 1 MiB
2023/09/15 17:37:32.421, 87.87 W, 0 %, 0 %, 12196 MiB, 12195 MiB, 1 MiB
2023/09/15 17:37:32.423, 87.87 W, 0 %, 0 %, 12196 MiB, 12195 MiB, 1 MiB
2023/09/15 17:37:32.425, 87.87 W, 0 %, 0 %, 12196 MiB, 12195 MiB, 1 MiB
2023/09/15 17:37:32.427, 87.77 W, 0 %, 0 %, 12196 MiB, 12195 MiB, 1 MiB
2023/09/15 17:37:32.435, 87.77 W, 0 %, 0 %, 12196 MiB, 12195 MiB, 1 MiB
2023/09/15 17:37:32.437, 87.77 W, 0 %, 0 %, 12196 MiB, 12195 MiB, 1 MiB
2023/09/15 17:37:32.439, 87.77 W, 0 %, 0 %, 12196 MiB, 12195 MiB, 1 MiB
2023/09/15 17:37:32.441, 87.77 W, 0 %, 0 %, 12196 MiB, 12195 MiB, 1 MiB
2023/09/15 17:37:32.443, 87.77 W, 0 %, 0 %, 12196 MiB, 12195 MiB, 1 MiB
2023/09/15 17:37:32.445, 87.77 W, 0 %, 0 %, 12196 MiB, 12195 MiB, 1 MiB
2023/09/15 17:37:32.447, 87.87 W, 0 %, 0 %, 12196 MiB, 12195 MiB, 1 MiB
2023/09/15 17:37:32.455, 87.87 W, 0 %, 0 %, 12196 MiB, 12195 MiB, 1 MiB
2023/09/15 17:37:32.457, 87.87 W, 0 %, 0 %, 12196 MiB, 12195 MiB, 1 MiB
2023/09/15 17:37:32.459, 87.87 W, 0 %, 0 %, 12196 MiB, 12195 MiB, 1 MiB
2023/09/15 17:37:32.461, 87.87 W, 0 %, 0 %, 12196 MiB, 12195 MiB, 1 MiB
2023/09/15 17:37:32.463, 87.87 W, 0 %, 0 %, 12196 MiB, 12195 MiB, 1 MiB
2023/09/15 17:37:32.465, 87.87 W, 0 %, 0 %, 12196 MiB, 12195 MiB, 1 MiB
2023/09/15 17:37:32.467, 87.77 W, 0 %, 0 %, 12196 MiB, 12195 MiB, 1 MiB
2023/09/15 17:37:32.475, 87.77 W, 0 %, 0 %, 12196 MiB, 12195 MiB, 1 MiB
2023/09/15 17:37:32.477, 87.77 W, 0 %, 0 %, 12196 MiB, 12195 MiB, 1 MiB
2023/09/15 17:37:32.479, 87.77 W, 0 %, 0 %, 12196 MiB, 12195 MiB, 1 MiB
2023/09/15 17:37:32.481, 87.77 W, 0 %, 0 %, 12196 MiB, 12195 MiB, 1 MiB
2023/09/15 17:37:32.483, 87.77 W, 0 %, 0 %, 12196 MiB, 12195 MiB, 1 MiB
2023/09/15 17:37:32.485, 87.77 W, 0 %, 0 %, 12196 MiB, 12195 MiB, 1 MiB
2023/09/15 17:37:32.487, 87.67 W, 0 %, 0 %, 12196 MiB, 12195 MiB, 1 MiB
2023/09/15 17:37:32.495, 87.67 W, 0 %, 0 %, 12196 MiB, 12195 MiB, 1 MiB
2023/09/15 17:37:32.497, 87.67 W, 0 %, 0 %, 12196 MiB, 12195 MiB, 1 MiB
2023/09/15 17:37:32.500, 87.67 W, 0 %, 0 %, 12196 MiB, 12195 MiB, 1 MiB
2023/09/15 17:37:32.502, 87.67 W, 0 %, 0 %, 12196 MiB, 12195 MiB, 1 MiB
2023/09/15 17:37:32.504, 87.67 W, 0 %, 0 %, 12196 MiB, 12195 MiB, 1 MiB
2023/09/15 17:37:32.506, 87.67 W, 0 %, 0 %, 12196 MiB, 12195 MiB, 1 MiB
2023/09/15 17:37:32.508, 87.87 W, 0 %, 0 %, 12196 MiB, 12195 MiB, 1 MiB
2023/09/15 17:37:32.516, 87.87 W, 0 %, 0 %, 12196 MiB, 12195 MiB, 1 MiB
2023/09/15 17:37:32.518, 87.87 W, 0 %, 0 %, 12196 MiB, 12195 MiB, 1 MiB
2023/09/15 17:37:32.520, 87.87 W, 0 %, 0 %, 12196 MiB, 12195 MiB, 1 MiB
2023/09/15 17:37:32.522, 87.87 W, 0 %, 0 %, 12196 MiB, 12195 MiB, 1 MiB
2023/09/15 17:37:32.524, 87.87 W, 0 %, 0 %, 12196 MiB, 12195 MiB, 1 MiB
2023/09/15 17:37:32.527, 87.87 W, 0 %, 0 %, 12196 MiB, 12195 MiB, 1 MiB
2023/09/15 17:37:32.528, 87.88 W, 0 %, 0 %, 12196 MiB, 12195 MiB, 1 MiB
2023/09/15 17:37:32.536, 87.88 W, 0 %, 0 %, 12196 MiB, 12195 MiB, 1 MiB
2023/09/15 17:37:32.538, 87.88 W, 0 %, 0 %, 12196 MiB, 12195 MiB, 1 MiB
2023/09/15 17:37:32.540, 87.88 W, 0 %, 0 %, 12196 MiB, 12195 MiB, 1 MiB
2023/09/15 17:37:32.542, 87.88 W, 0 %, 0 %, 12196 MiB, 12195 MiB, 1 MiB
2023/09/15 17:37:32.544, 87.88 W, 0 %, 0 %, 12196 MiB, 12195 MiB, 1 MiB
2023/09/15 17:37:32.546, 87.67 W, 0 %, 0 %, 12196 MiB, 12195 MiB, 1 MiB
2023/09/15 17:37:32.555, 87.67 W, 0 %, 0 %, 12196 MiB, 12195 MiB, 1 MiB
2023/09/15 17:37:32.557, 87.67 W, 0 %, 0 %, 12196 MiB, 12195 MiB, 1 MiB
2023/09/15 17:37:32.559, 87.67 W, 0 %, 0 %, 12196 MiB, 12195 MiB, 1 MiB
2023/09/15 17:37:32.561, 87.67 W, 0 %, 0 %, 12196 MiB, 12195 MiB, 1 MiB
2023/09/15 17:37:32.563, 87.67 W, 0 %, 0 %, 12196 MiB, 12195 MiB, 1 MiB
2023/09/15 17:37:32.565, 87.67 W, 0 %, 0 %, 12196 MiB, 12195 MiB, 1 MiB
2023/09/15 17:37:32.567, 87.67 W, 0 %, 0 %, 12196 MiB, 12195 MiB, 1 MiB
2023/09/15 17:37:32.575, 87.67 W, 0 %, 0 %, 12196 MiB, 12195 MiB, 1 MiB
2023/09/15 17:37:32.577, 87.67 W, 0 %, 0 %, 12196 MiB, 12195 MiB, 1 MiB
2023/09/15 17:37:32.579, 87.67 W, 0 %, 0 %, 12196 MiB, 12195 MiB, 1 MiB
2023/09/15 17:37:32.581, 87.67 W, 0 %, 0 %, 12196 MiB, 12195 MiB, 1 MiB
2023/09/15 17:37:32.583, 87.67 W, 0 %, 0 %, 12196 MiB, 12195 MiB, 1 MiB
2023/09/15 17:37:32.586, 87.67 W, 0 %, 0 %, 12196 MiB, 12195 MiB, 1 MiB
2023/09/15 17:37:32.588, 87.87 W, 0 %, 0 %, 12196 MiB, 12195 MiB, 1 MiB
2023/09/15 17:37:32.595, 87.87 W, 0 %, 0 %, 12196 MiB, 12195 MiB, 1 MiB
2023/09/15 17:37:32.597, 87.87 W, 0 %, 0 %, 12196 MiB, 12195 MiB, 1 MiB
2023/09/15 17:37:32.599, 87.87 W, 0 %, 0 %, 12196 MiB, 12195 MiB, 1 MiB
2023/09/15 17:37:32.601, 87.87 W, 0 %, 0 %, 12196 MiB, 12195 MiB, 1 MiB
2023/09/15 17:37:32.603, 87.87 W, 0 %, 0 %, 12196 MiB, 12195 MiB, 1 MiB
2023/09/15 17:37:32.605, 87.87 W, 0 %, 0 %, 12196 MiB, 12195 MiB, 1 MiB
2023/09/15 17:37:32.608, 87.98 W, 0 %, 0 %, 12196 MiB, 12195 MiB, 1 MiB
2023/09/15 17:37:32.615, 87.98 W, 0 %, 0 %, 12196 MiB, 12195 MiB, 1 MiB
2023/09/15 17:37:32.617, 87.98 W, 0 %, 0 %, 12196 MiB, 12195 MiB, 1 MiB
2023/09/15 17:37:32.619, 87.98 W, 0 %, 0 %, 12196 MiB, 12195 MiB, 1 MiB
2023/09/15 17:37:32.621, 87.98 W, 0 %, 0 %, 12196 MiB, 12195 MiB, 1 MiB
2023/09/15 17:37:32.624, 87.98 W, 0 %, 0 %, 12196 MiB, 12195 MiB, 1 MiB
2023/09/15 17:37:32.626, 87.98 W, 0 %, 0 %, 12196 MiB, 12195 MiB, 1 MiB
2023/09/15 17:37:32.628, 87.78 W, 0 %, 0 %, 12196 MiB, 12195 MiB, 1 MiB
2023/09/15 17:37:32.635, 87.78 W, 0 %, 0 %, 12196 MiB, 12195 MiB, 1 MiB
2023/09/15 17:37:32.637, 87.78 W, 0 %, 0 %, 12196 MiB, 12195 MiB, 1 MiB
2023/09/15 17:37:32.639, 87.78 W, 0 %, 0 %, 12196 MiB, 12195 MiB, 1 MiB
2023/09/15 17:37:32.641, 87.78 W, 0 %, 0 %, 12196 MiB, 12195 MiB, 1 MiB
2023/09/15 17:37:32.643, 87.78 W, 0 %, 0 %, 12196 MiB, 12195 MiB, 1 MiB
2023/09/15 17:37:32.645, 87.78 W, 0 %, 0 %, 12196 MiB, 12195 MiB, 1 MiB
2023/09/15 17:37:32.647, 87.69 W, 0 %, 0 %, 12196 MiB, 12195 MiB, 1 MiB
2023/09/15 17:37:32.655, 87.69 W, 0 %, 0 %, 12196 MiB, 12195 MiB, 1 MiB
2023/09/15 17:37:32.657, 87.69 W, 0 %, 0 %, 12196 MiB, 12195 MiB, 1 MiB
2023/09/15 17:37:32.659, 87.69 W, 0 %, 0 %, 12196 MiB, 12195 MiB, 1 MiB
2023/09/15 17:37:32.661, 87.69 W, 0 %, 0 %, 12196 MiB, 12195 MiB, 1 MiB
2023/09/15 17:37:32.663, 87.69 W, 0 %, 0 %, 12196 MiB, 12195 MiB, 1 MiB
2023/09/15 17:37:32.665, 87.69 W, 0 %, 0 %, 12196 MiB, 12195 MiB, 1 MiB
2023/09/15 17:37:32.667, 87.69 W, 0 %, 0 %, 12196 MiB, 12195 MiB, 1 MiB
2023/09/15 17:37:32.669, 87.59 W, 0 %, 0 %, 12196 MiB, 12195 MiB, 1 MiB
2023/09/15 17:37:32.676, 87.59 W, 0 %, 0 %, 12196 MiB, 12195 MiB, 1 MiB
2023/09/15 17:37:32.678, 87.59 W, 0 %, 0 %, 12196 MiB, 12195 MiB, 1 MiB
2023/09/15 17:37:32.681, 87.59 W, 0 %, 0 %, 12196 MiB, 12195 MiB, 1 MiB
2023/09/15 17:37:32.683, 87.59 W, 0 %, 0 %, 12196 MiB, 12195 MiB, 1 MiB
2023/09/15 17:37:32.685, 87.59 W, 0 %, 0 %, 12196 MiB, 12195 MiB, 1 MiB
2023/09/15 17:37:32.687, 87.59 W, 0 %, 0 %, 12196 MiB, 12195 MiB, 1 MiB
2023/09/15 17:37:32.689, 87.87 W, 0 %, 0 %, 12196 MiB, 12195 MiB, 1 MiB
2023/09/15 17:37:32.696, 87.87 W, 0 %, 0 %, 12196 MiB, 12195 MiB, 1 MiB
2023/09/15 17:37:32.698, 87.87 W, 0 %, 0 %, 12196 MiB, 12195 MiB, 1 MiB
2023/09/15 17:37:32.700, 87.87 W, 0 %, 0 %, 12196 MiB, 12195 MiB, 1 MiB
2023/09/15 17:37:32.702, 87.87 W, 0 %, 0 %, 12196 MiB, 12195 MiB, 1 MiB
2023/09/15 17:37:32.704, 87.87 W, 0 %, 0 %, 12196 MiB, 12195 MiB, 1 MiB
2023/09/15 17:37:32.706, 87.87 W, 0 %, 0 %, 12196 MiB, 12195 MiB, 1 MiB
2023/09/15 17:37:32.708, 87.81 W, 0 %, 0 %, 12196 MiB, 12195 MiB, 1 MiB
2023/09/15 17:37:32.716, 87.81 W, 0 %, 0 %, 12196 MiB, 12195 MiB, 1 MiB
2023/09/15 17:37:32.718, 87.81 W, 0 %, 0 %, 12196 MiB, 12195 MiB, 1 MiB
2023/09/15 17:37:32.720, 87.81 W, 0 %, 0 %, 12196 MiB, 12195 MiB, 1 MiB
2023/09/15 17:37:32.722, 87.81 W, 0 %, 0 %, 12196 MiB, 12195 MiB, 1 MiB
2023/09/15 17:37:32.724, 87.81 W, 0 %, 0 %, 12196 MiB, 12195 MiB, 1 MiB
2023/09/15 17:37:32.726, 87.81 W, 0 %, 0 %, 12196 MiB, 12195 MiB, 1 MiB
2023/09/15 17:37:32.728, 87.71 W, 0 %, 0 %, 12196 MiB, 12195 MiB, 1 MiB
2023/09/15 17:37:32.735, 87.71 W, 0 %, 0 %, 12196 MiB, 12195 MiB, 1 MiB
2023/09/15 17:37:32.737, 87.71 W, 0 %, 0 %, 12196 MiB, 12195 MiB, 1 MiB
2023/09/15 17:37:32.739, 87.71 W, 0 %, 0 %, 12196 MiB, 12195 MiB, 1 MiB
2023/09/15 17:37:32.741, 87.71 W, 0 %, 0 %, 12196 MiB, 12195 MiB, 1 MiB
2023/09/15 17:37:32.743, 87.71 W, 0 %, 0 %, 12196 MiB, 12195 MiB, 1 MiB
2023/09/15 17:37:32.746, 87.71 W, 0 %, 0 %, 12196 MiB, 12195 MiB, 1 MiB
2023/09/15 17:37:32.748, 87.57 W, 0 %, 0 %, 12196 MiB, 12195 MiB, 1 MiB
2023/09/15 17:37:32.756, 87.57 W, 0 %, 0 %, 12196 MiB, 12195 MiB, 1 MiB
2023/09/15 17:37:32.758, 87.57 W, 0 %, 0 %, 12196 MiB, 12195 MiB, 1 MiB
2023/09/15 17:37:32.760, 87.57 W, 0 %, 0 %, 12196 MiB, 12195 MiB, 1 MiB
2023/09/15 17:37:32.762, 87.57 W, 0 %, 0 %, 12196 MiB, 12195 MiB, 1 MiB
2023/09/15 17:37:32.765, 87.57 W, 0 %, 0 %, 12196 MiB, 12195 MiB, 1 MiB
2023/09/15 17:37:32.767, 87.57 W, 0 %, 0 %, 12196 MiB, 12195 MiB, 1 MiB
2023/09/15 17:37:32.769, 87.77 W, 0 %, 0 %, 12196 MiB, 12195 MiB, 1 MiB
2023/09/15 17:37:32.776, 87.77 W, 0 %, 0 %, 12196 MiB, 12195 MiB, 1 MiB
2023/09/15 17:37:32.778, 87.77 W, 0 %, 0 %, 12196 MiB, 12195 MiB, 1 MiB
2023/09/15 17:37:32.781, 87.77 W, 0 %, 0 %, 12196 MiB, 12195 MiB, 1 MiB
2023/09/15 17:37:32.783, 87.77 W, 0 %, 0 %, 12196 MiB, 12195 MiB, 1 MiB
2023/09/15 17:37:32.785, 87.77 W, 0 %, 0 %, 12196 MiB, 12195 MiB, 1 MiB
2023/09/15 17:37:32.787, 87.77 W, 0 %, 0 %, 12196 MiB, 12195 MiB, 1 MiB
2023/09/15 17:37:32.789, 87.77 W, 0 %, 0 %, 12196 MiB, 12195 MiB, 1 MiB
2023/09/15 17:37:32.797, 87.77 W, 0 %, 0 %, 12196 MiB, 12195 MiB, 1 MiB
2023/09/15 17:37:32.799, 87.77 W, 0 %, 0 %, 12196 MiB, 12195 MiB, 1 MiB
2023/09/15 17:37:32.801, 87.77 W, 0 %, 0 %, 12196 MiB, 12195 MiB, 1 MiB
2023/09/15 17:37:32.803, 87.77 W, 0 %, 0 %, 12196 MiB, 12195 MiB, 1 MiB
2023/09/15 17:37:32.806, 87.77 W, 0 %, 0 %, 12196 MiB, 12195 MiB, 1 MiB
2023/09/15 17:37:32.808, 87.77 W, 0 %, 0 %, 12196 MiB, 12195 MiB, 1 MiB
2023/09/15 17:37:32.815, 87.77 W, 0 %, 0 %, 12196 MiB, 12195 MiB, 1 MiB
2023/09/15 17:37:32.817, 87.77 W, 0 %, 0 %, 12196 MiB, 12195 MiB, 1 MiB
2023/09/15 17:37:32.819, 87.77 W, 0 %, 0 %, 12196 MiB, 12195 MiB, 1 MiB
2023/09/15 17:37:32.821, 87.77 W, 0 %, 0 %, 12196 MiB, 12195 MiB, 1 MiB
2023/09/15 17:37:32.824, 87.77 W, 0 %, 0 %, 12196 MiB, 12195 MiB, 1 MiB
2023/09/15 17:37:32.826, 87.77 W, 0 %, 0 %, 12196 MiB, 12195 MiB, 1 MiB
2023/09/15 17:37:32.828, 87.67 W, 0 %, 0 %, 12196 MiB, 12195 MiB, 1 MiB
2023/09/15 17:37:32.835, 87.67 W, 0 %, 0 %, 12196 MiB, 12195 MiB, 1 MiB
2023/09/15 17:37:32.837, 87.67 W, 0 %, 0 %, 12196 MiB, 12195 MiB, 1 MiB
2023/09/15 17:37:32.840, 87.67 W, 0 %, 0 %, 12196 MiB, 12195 MiB, 1 MiB
2023/09/15 17:37:32.842, 87.67 W, 0 %, 0 %, 12196 MiB, 12195 MiB, 1 MiB
2023/09/15 17:37:32.844, 87.67 W, 0 %, 0 %, 12196 MiB, 12195 MiB, 1 MiB
2023/09/15 17:37:32.846, 87.67 W, 0 %, 0 %, 12196 MiB, 12195 MiB, 1 MiB
2023/09/15 17:37:32.848, 87.87 W, 0 %, 0 %, 12196 MiB, 12195 MiB, 1 MiB
2023/09/15 17:37:32.856, 87.87 W, 0 %, 0 %, 12196 MiB, 12195 MiB, 1 MiB
2023/09/15 17:37:32.858, 87.87 W, 0 %, 0 %, 12196 MiB, 12195 MiB, 1 MiB
2023/09/15 17:37:32.860, 87.87 W, 0 %, 0 %, 12196 MiB, 12195 MiB, 1 MiB
2023/09/15 17:37:32.862, 87.87 W, 0 %, 0 %, 12196 MiB, 12195 MiB, 1 MiB
2023/09/15 17:37:32.865, 87.87 W, 0 %, 0 %, 12196 MiB, 12195 MiB, 1 MiB
2023/09/15 17:37:32.867, 87.87 W, 0 %, 0 %, 12196 MiB, 12195 MiB, 1 MiB
2023/09/15 17:37:32.869, 87.87 W, 0 %, 0 %, 12196 MiB, 12195 MiB, 1 MiB
2023/09/15 17:37:32.876, 87.87 W, 0 %, 0 %, 12196 MiB, 12195 MiB, 1 MiB
2023/09/15 17:37:32.878, 87.87 W, 0 %, 0 %, 12196 MiB, 12195 MiB, 1 MiB
2023/09/15 17:37:32.881, 87.87 W, 0 %, 0 %, 12196 MiB, 12195 MiB, 1 MiB
2023/09/15 17:37:32.883, 87.87 W, 0 %, 0 %, 12196 MiB, 12195 MiB, 1 MiB
2023/09/15 17:37:32.886, 87.87 W, 0 %, 0 %, 12196 MiB, 12195 MiB, 1 MiB
2023/09/15 17:37:32.888, 87.87 W, 0 %, 0 %, 12196 MiB, 12195 MiB, 1 MiB
2023/09/15 17:37:32.895, 87.87 W, 0 %, 0 %, 12196 MiB, 12195 MiB, 1 MiB
2023/09/15 17:37:32.897, 87.87 W, 0 %, 0 %, 12196 MiB, 12195 MiB, 1 MiB
2023/09/15 17:37:32.900, 87.87 W, 0 %, 0 %, 12196 MiB, 12195 MiB, 1 MiB
2023/09/15 17:37:32.902, 87.87 W, 0 %, 0 %, 12196 MiB, 12195 MiB, 1 MiB
2023/09/15 17:37:32.904, 87.87 W, 0 %, 0 %, 12196 MiB, 12195 MiB, 1 MiB
2023/09/15 17:37:32.906, 87.87 W, 0 %, 0 %, 12196 MiB, 12195 MiB, 1 MiB
2023/09/15 17:37:32.908, 87.81 W, 0 %, 0 %, 12196 MiB, 12195 MiB, 1 MiB
2023/09/15 17:37:32.916, 87.81 W, 0 %, 0 %, 12196 MiB, 12195 MiB, 1 MiB
2023/09/15 17:37:32.918, 87.81 W, 0 %, 0 %, 12196 MiB, 12195 MiB, 1 MiB
2023/09/15 17:37:32.920, 87.81 W, 0 %, 0 %, 12196 MiB, 12195 MiB, 1 MiB
2023/09/15 17:37:32.922, 87.81 W, 0 %, 0 %, 12196 MiB, 12195 MiB, 1 MiB
2023/09/15 17:37:32.924, 87.81 W, 0 %, 0 %, 12196 MiB, 12195 MiB, 1 MiB
2023/09/15 17:37:32.926, 87.81 W, 0 %, 0 %, 12196 MiB, 12195 MiB, 1 MiB
2023/09/15 17:37:32.928, 87.78 W, 0 %, 0 %, 12196 MiB, 12195 MiB, 1 MiB
2023/09/15 17:37:32.936, 87.78 W, 0 %, 0 %, 12196 MiB, 12195 MiB, 1 MiB
2023/09/15 17:37:32.938, 87.78 W, 0 %, 0 %, 12196 MiB, 12195 MiB, 1 MiB
2023/09/15 17:37:32.940, 87.78 W, 0 %, 0 %, 12196 MiB, 12195 MiB, 1 MiB
2023/09/15 17:37:32.942, 87.78 W, 0 %, 0 %, 12196 MiB, 12195 MiB, 1 MiB
2023/09/15 17:37:32.945, 87.78 W, 0 %, 0 %, 12196 MiB, 12195 MiB, 1 MiB
2023/09/15 17:37:32.947, 87.78 W, 0 %, 0 %, 12196 MiB, 12195 MiB, 1 MiB
2023/09/15 17:37:32.949, 87.87 W, 0 %, 0 %, 12196 MiB, 12195 MiB, 1 MiB
2023/09/15 17:37:32.957, 87.87 W, 0 %, 0 %, 12196 MiB, 12195 MiB, 1 MiB
2023/09/15 17:37:32.959, 87.87 W, 0 %, 0 %, 12196 MiB, 12195 MiB, 1 MiB
2023/09/15 17:37:32.961, 87.87 W, 0 %, 0 %, 12196 MiB, 12195 MiB, 1 MiB
2023/09/15 17:37:32.964, 87.87 W, 0 %, 0 %, 12196 MiB, 12195 MiB, 1 MiB
2023/09/15 17:37:32.966, 87.87 W, 0 %, 0 %, 12196 MiB, 12195 MiB, 1 MiB
2023/09/15 17:37:32.968, 87.78 W, 0 %, 0 %, 12196 MiB, 12195 MiB, 1 MiB
2023/09/15 17:37:32.976, 87.78 W, 0 %, 0 %, 12196 MiB, 12195 MiB, 1 MiB
2023/09/15 17:37:32.978, 87.78 W, 0 %, 0 %, 12196 MiB, 12195 MiB, 1 MiB
2023/09/15 17:37:32.981, 87.78 W, 0 %, 0 %, 12196 MiB, 12195 MiB, 1 MiB
2023/09/15 17:37:32.983, 87.78 W, 0 %, 0 %, 12196 MiB, 12195 MiB, 1 MiB
2023/09/15 17:37:32.985, 87.78 W, 0 %, 0 %, 12196 MiB, 12195 MiB, 1 MiB
2023/09/15 17:37:32.987, 87.78 W, 0 %, 0 %, 12196 MiB, 12195 MiB, 1 MiB
2023/09/15 17:37:32.990, 87.67 W, 0 %, 0 %, 12196 MiB, 12195 MiB, 1 MiB
2023/09/15 17:37:32.997, 87.67 W, 0 %, 0 %, 12196 MiB, 12195 MiB, 1 MiB
2023/09/15 17:37:32.999, 87.67 W, 0 %, 0 %, 12196 MiB, 12195 MiB, 1 MiB
2023/09/15 17:37:33.001, 87.67 W, 0 %, 0 %, 12196 MiB, 12195 MiB, 1 MiB
2023/09/15 17:37:33.003, 87.67 W, 0 %, 0 %, 12196 MiB, 12195 MiB, 1 MiB
2023/09/15 17:37:33.005, 87.67 W, 0 %, 0 %, 12196 MiB, 12195 MiB, 1 MiB
2023/09/15 17:37:33.007, 87.67 W, 0 %, 0 %, 12196 MiB, 12195 MiB, 1 MiB
2023/09/15 17:37:33.009, 87.71 W, 0 %, 0 %, 12196 MiB, 12195 MiB, 1 MiB
2023/09/15 17:37:33.017, 87.71 W, 0 %, 0 %, 12196 MiB, 12195 MiB, 1 MiB
2023/09/15 17:37:33.019, 87.71 W, 0 %, 0 %, 12196 MiB, 12195 MiB, 1 MiB
2023/09/15 17:37:33.021, 87.71 W, 0 %, 0 %, 12196 MiB, 12195 MiB, 1 MiB
2023/09/15 17:37:33.023, 87.71 W, 0 %, 0 %, 12196 MiB, 12195 MiB, 1 MiB
2023/09/15 17:37:33.025, 87.71 W, 0 %, 0 %, 12196 MiB, 12195 MiB, 1 MiB
2023/09/15 17:37:33.027, 87.71 W, 0 %, 0 %, 12196 MiB, 12195 MiB, 1 MiB
2023/09/15 17:37:33.029, 87.87 W, 0 %, 0 %, 12196 MiB, 12195 MiB, 1 MiB
2023/09/15 17:37:33.037, 87.87 W, 0 %, 0 %, 12196 MiB, 12195 MiB, 1 MiB
2023/09/15 17:37:33.039, 87.87 W, 0 %, 0 %, 12196 MiB, 12195 MiB, 1 MiB
2023/09/15 17:37:33.041, 87.87 W, 0 %, 0 %, 12196 MiB, 12195 MiB, 1 MiB
2023/09/15 17:37:33.043, 87.87 W, 0 %, 0 %, 12196 MiB, 12195 MiB, 1 MiB
2023/09/15 17:37:33.045, 87.87 W, 0 %, 0 %, 12196 MiB, 12195 MiB, 1 MiB
2023/09/15 17:37:33.047, 87.87 W, 0 %, 0 %, 12196 MiB, 12195 MiB, 1 MiB
2023/09/15 17:37:33.049, 87.87 W, 0 %, 0 %, 12196 MiB, 12195 MiB, 1 MiB
2023/09/15 17:37:33.057, 87.87 W, 0 %, 0 %, 12196 MiB, 12195 MiB, 1 MiB
2023/09/15 17:37:33.059, 87.87 W, 0 %, 0 %, 12196 MiB, 12195 MiB, 1 MiB
2023/09/15 17:37:33.061, 87.87 W, 0 %, 0 %, 12196 MiB, 12195 MiB, 1 MiB
2023/09/15 17:37:33.063, 87.87 W, 0 %, 0 %, 12196 MiB, 12195 MiB, 1 MiB
2023/09/15 17:37:33.065, 87.87 W, 0 %, 0 %, 12196 MiB, 12195 MiB, 1 MiB
2023/09/15 17:37:33.067, 87.87 W, 0 %, 0 %, 12196 MiB, 12195 MiB, 1 MiB
2023/09/15 17:37:33.070, 87.71 W, 0 %, 0 %, 12196 MiB, 12195 MiB, 1 MiB
2023/09/15 17:37:33.077, 87.71 W, 0 %, 0 %, 12196 MiB, 12195 MiB, 1 MiB
2023/09/15 17:37:33.079, 87.71 W, 0 %, 0 %, 12196 MiB, 12195 MiB, 1 MiB
2023/09/15 17:37:33.082, 87.71 W, 0 %, 0 %, 12196 MiB, 12195 MiB, 1 MiB
2023/09/15 17:37:33.085, 87.71 W, 0 %, 0 %, 12196 MiB, 12195 MiB, 1 MiB
2023/09/15 17:37:33.087, 87.71 W, 0 %, 0 %, 12196 MiB, 12195 MiB, 1 MiB
2023/09/15 17:37:33.089, 87.69 W, 0 %, 0 %, 12196 MiB, 12195 MiB, 1 MiB
2023/09/15 17:37:33.097, 87.69 W, 0 %, 0 %, 12196 MiB, 12195 MiB, 1 MiB
2023/09/15 17:37:33.099, 87.69 W, 0 %, 0 %, 12196 MiB, 12195 MiB, 1 MiB
2023/09/15 17:37:33.101, 87.69 W, 0 %, 0 %, 12196 MiB, 12195 MiB, 1 MiB
2023/09/15 17:37:33.103, 87.69 W, 0 %, 0 %, 12196 MiB, 12195 MiB, 1 MiB
2023/09/15 17:37:33.105, 87.69 W, 0 %, 0 %, 12196 MiB, 12195 MiB, 1 MiB
2023/09/15 17:37:33.107, 87.69 W, 0 %, 0 %, 12196 MiB, 12195 MiB, 1 MiB
2023/09/15 17:37:33.110, 87.77 W, 0 %, 0 %, 12196 MiB, 12195 MiB, 1 MiB
2023/09/15 17:37:33.117, 87.77 W, 0 %, 0 %, 12196 MiB, 12195 MiB, 1 MiB
2023/09/15 17:37:33.119, 87.77 W, 0 %, 0 %, 12196 MiB, 12195 MiB, 1 MiB
2023/09/15 17:37:33.121, 87.77 W, 0 %, 0 %, 12196 MiB, 12195 MiB, 1 MiB
2023/09/15 17:37:33.124, 87.77 W, 0 %, 0 %, 12196 MiB, 12195 MiB, 1 MiB
2023/09/15 17:37:33.126, 87.77 W, 0 %, 0 %, 12196 MiB, 12195 MiB, 1 MiB
2023/09/15 17:37:33.128, 87.77 W, 0 %, 0 %, 12196 MiB, 12195 MiB, 1 MiB
2023/09/15 17:37:33.130, 87.87 W, 0 %, 0 %, 12196 MiB, 12195 MiB, 1 MiB
2023/09/15 17:37:33.137, 87.87 W, 0 %, 0 %, 12196 MiB, 12195 MiB, 1 MiB
2023/09/15 17:37:33.139, 87.87 W, 0 %, 0 %, 12196 MiB, 12195 MiB, 1 MiB
2023/09/15 17:37:33.142, 87.87 W, 0 %, 0 %, 12196 MiB, 12195 MiB, 1 MiB
2023/09/15 17:37:33.144, 87.87 W, 0 %, 0 %, 12196 MiB, 12195 MiB, 1 MiB
2023/09/15 17:37:33.146, 87.87 W, 0 %, 0 %, 12196 MiB, 12195 MiB, 1 MiB
2023/09/15 17:37:33.148, 87.77 W, 0 %, 0 %, 12196 MiB, 12195 MiB, 1 MiB
2023/09/15 17:37:33.156, 87.77 W, 0 %, 0 %, 12196 MiB, 12195 MiB, 1 MiB
2023/09/15 17:37:33.158, 87.77 W, 0 %, 0 %, 12196 MiB, 12195 MiB, 1 MiB
2023/09/15 17:37:33.160, 87.77 W, 0 %, 0 %, 12196 MiB, 12195 MiB, 1 MiB
2023/09/15 17:37:33.162, 87.77 W, 0 %, 0 %, 12196 MiB, 12195 MiB, 1 MiB
2023/09/15 17:37:33.164, 87.77 W, 0 %, 0 %, 12196 MiB, 12195 MiB, 1 MiB
2023/09/15 17:37:33.166, 87.77 W, 0 %, 0 %, 12196 MiB, 12195 MiB, 1 MiB
2023/09/15 17:37:33.169, 87.67 W, 0 %, 0 %, 12196 MiB, 12195 MiB, 1 MiB
2023/09/15 17:37:33.176, 87.67 W, 0 %, 0 %, 12196 MiB, 12195 MiB, 1 MiB
2023/09/15 17:37:33.178, 87.67 W, 0 %, 0 %, 12196 MiB, 12195 MiB, 1 MiB
2023/09/15 17:37:33.181, 87.67 W, 0 %, 0 %, 12196 MiB, 12195 MiB, 1 MiB
2023/09/15 17:37:33.183, 87.67 W, 0 %, 0 %, 12196 MiB, 12195 MiB, 1 MiB
2023/09/15 17:37:33.186, 87.67 W, 0 %, 0 %, 12196 MiB, 12195 MiB, 1 MiB
2023/09/15 17:37:33.188, 87.67 W, 0 %, 0 %, 12196 MiB, 12195 MiB, 1 MiB
2023/09/15 17:37:33.190, 87.69 W, 0 %, 0 %, 12196 MiB, 12195 MiB, 1 MiB
2023/09/15 17:37:33.197, 87.69 W, 0 %, 0 %, 12196 MiB, 12195 MiB, 1 MiB
2023/09/15 17:37:33.200, 87.69 W, 0 %, 0 %, 12196 MiB, 12195 MiB, 1 MiB
2023/09/15 17:37:33.202, 87.69 W, 0 %, 0 %, 12196 MiB, 12195 MiB, 1 MiB
